batter,runs,balls,matches_batted,strike_rate,runs_per_match,match_key
A Ashish Reddy,280,196,23,142.9,12.17,a_reddy
A Badoni,634,505,35,125.5,18.11,a_badoni
A Chandila,4,7,2,57.1,2.0,a_chandila
A Chopra,53,75,6,70.7,8.83,a_chopra
A Choudhary,25,20,3,125.0,8.33,a_choudhary
A Dananjaya,4,5,1,80.0,4.0,a_dananjaya
A Flintoff,62,57,3,108.8,20.67,a_flintoff
A Kamboj,2,2,1,100.0,2.0,a_kamboj
A Kumble,35,49,15,71.4,2.33,a_kumble
A Manohar,231,181,15,127.6,15.4,a_manohar
A Mishra,381,440,55,86.6,6.93,a_mishra
A Mithun,34,26,6,130.8,5.67,a_mithun
A Mukund,19,23,2,82.6,9.5,a_mukund
A Nehra,41,63,17,65.1,2.41,a_nehra
A Nortje,49,51,13,96.1,3.77,a_nortje
A Raghuvanshi,163,109,7,149.5,23.29,a_raghuvanshi
A Singh,2,10,5,20.0,0.4,a_singh
A Symonds,974,781,36,124.7,27.06,a_symonds
A Tomar,4,8,1,50.0,4.0,a_tomar
A Uniyal,4,7,2,57.1,2.0,a_uniyal
A Zampa,15,25,5,60.0,3.0,a_zampa
AA Bilakhia,69,88,7,78.4,9.86,a_bilakhia
AA Chavan,12,11,3,109.1,4.0,a_chavan
AA Jhunjhunwala,217,218,15,99.5,14.47,a_jhunjhunwala
AA Kulkarni,9,8,2,112.5,4.5,a_kulkarni
AA Noffke,9,12,1,75.0,9.0,a_noffke
AB Agarkar,179,160,18,111.9,9.94,a_agarkar
AB Barath,42,43,3,97.7,14.0,a_barath
AB Dinda,26,50,16,52.0,1.62,a_dinda
AB McDonald,123,103,9,119.4,13.67,a_mcdonald
AB de Villiers,5181,3487,170,148.6,30.48,a_villiers
AC Blizzard,120,91,7,131.9,17.14,a_blizzard
AC Gilchrist,2069,1555,80,133.1,25.86,a_gilchrist
AC Thomas,20,19,4,105.3,5.0,a_thomas
AC Voges,181,143,7,126.6,25.86,a_voges
AD Hales,148,119,6,124.4,24.67,a_hales
AD Mascarenhas,79,79,11,100.0,7.18,a_mascarenhas
AD Mathews,724,599,41,120.9,17.66,a_mathews
AD Nath,90,99,10,90.9,9.0,a_nath
AD Russell,2488,1515,104,164.2,23.92,a_russell
AF Milne,23,31,6,74.2,3.83,a_milne
AG Murtaza,10,14,3,71.4,3.33,a_murtaza
AG Paunikar,49,61,5,80.3,9.8,a_paunikar
AJ Finch,2092,1696,90,123.3,23.24,a_finch
AJ Hosein,16,11,1,145.5,16.0,a_hosein
AJ Turner,24,31,6,77.4,4.0,a_turner
AJ Tye,91,79,13,115.2,7.0,a_tye
AK Markram,995,787,42,126.4,23.69,a_markram
AL Menaria,401,367,23,109.3,17.43,a_menaria
AM Nayar,672,588,50,114.3,13.44,a_nayar
AM Rahane,4642,3858,171,120.3,27.15,a_rahane
AN Ahmed,36,27,6,133.3,6.0,a_ahmed
AN Ghosh,7,8,2,87.5,3.5,a_ghosh
AP Dole,34,23,2,147.8,17.0,a_dole
AP Majumdar,87,77,4,113.0,21.75,a_majumdar
AP Tare,339,285,27,118.9,12.56,a_tare
AR Bawne,12,12,1,100.0,12.0,a_bawne
AR Patel,1653,1318,112,125.4,14.76,a_patel
AS Joseph,27,32,5,84.4,5.4,a_joseph
AS Rajpoot,26,41,7,63.4,3.71,a_rajpoot
AS Raut,194,172,16,112.8,12.12,a_raut
AS Roy,26,24,6,108.3,4.33,a_roy
AS Yadav,49,40,6,122.5,8.17,a_yadav
AT Carey,32,29,3,110.3,10.67,a_carey
AT Rayudu,4348,3490,185,124.6,23.5,a_rayudu
AU Rashid,22,17,2,129.4,11.0,a_rashid
AUK Pathan,39,26,7,150.0,5.57,a_pathan
Abdul Basith,1,1,1,100.0,1.0,a_basith
Abdul Samad,579,408,39,141.9,14.85,a_samad
Abdur Razzak,0,2,1,0.0,0.0,a_razzak
Abhishek Sharma,1377,925,61,148.9,22.57,a_sharma
Abishek Porel,360,244,16,147.5,22.5,a_porel
Akash Deep,19,12,3,158.3,6.33,a_deep
Akash Madhwal,4,5,1,80.0,4.0,a_madhwal
Aman Hakim Khan,115,109,10,105.5,11.5,a_khan
Anirudh Singh,63,69,4,91.3,15.75,a_singh
Ankit Sharma,87,69,10,126.1,8.7,a_sharma
Ankit Soni,7,9,3,77.8,2.33,a_soni
Anmolpreet Singh,139,117,9,118.8,15.44,a_singh
Anuj Rawat,318,276,21,115.2,15.14,a_rawat
Anureet Singh,36,47,8,76.6,4.5,a_singh
Arjun Tendulkar,13,9,1,144.4,13.0,a_tendulkar
Arshad Khan,96,67,6,143.3,16.0,a_khan
Arshad Khan (2),5,4,1,125.0,5.0,a_(2)
Arshdeep Singh,29,42,11,69.0,2.64,a_singh
Ashutosh Sharma,189,118,9,160.2,21.0,a_sharma
Atharva Taide,247,177,9,139.5,27.44,a_taide
Avesh Khan,41,25,9,164.0,4.56,a_khan
Azhar Mahmood,388,311,21,124.8,18.48,a_mahmood
Azmatullah Omarzai,42,34,4,123.5,10.5,a_omarzai
B Akhil,76,57,11,133.3,6.91,b_akhil
B Chipli,280,256,21,109.4,13.33,b_chipli
B Indrajith,21,31,3,67.7,7.0,b_indrajith
B Kumar,306,338,65,90.5,4.71,b_kumar
B Laughlin,5,13,4,38.5,1.25,b_laughlin
B Lee,124,102,19,121.6,6.53,b_lee
B Sai Sudharsan,1034,770,25,134.3,41.36,b_sudharsan
B Stanlake,5,2,1,250.0,5.0,b_stanlake
B Sumanth,35,38,4,92.1,8.75,b_sumanth
BA Bhatt,6,7,2,85.7,3.0,b_bhatt
BA Stokes,935,718,43,130.2,21.74,b_stokes
BAW Mendis,3,6,3,50.0,1.0,b_mendis
BB McCullum,2882,2272,109,126.8,26.44,b_mccullum
BB Samantray,125,116,8,107.8,15.62,b_samantray
BB Sran,10,14,7,71.4,1.43,b_sran
BCJ Cutting,238,146,17,163.0,14.0,b_cutting
BE Hendricks,1,3,2,33.3,0.5,b_hendricks
BJ Haddin,18,11,1,163.6,18.0,b_haddin
BJ Hodge,1400,1153,63,121.4,22.22,b_hodge
BJ Rohrer,193,146,8,132.2,24.12,b_rohrer
BMAJ Mendis,23,27,3,85.2,7.67,b_mendis
BR Dunk,40,36,3,111.1,13.33,b_dunk
BR Sharath,2,5,1,40.0,2.0,b_sharath
Basil Thampi,32,37,7,86.5,4.57,b_thampi
Bipul Sharma,187,124,17,150.8,11.0,b_sharma
C Green,707,472,28,149.8,25.25,c_green
C Madan,15,21,1,71.4,15.0,c_madan
C Munro,177,144,11,122.9,16.09,c_munro
C Nanda,0,1,1,0.0,0.0,c_nanda
C Sakariya,20,31,7,64.5,2.86,c_sakariya
C de Grandhomme,303,229,21,132.3,14.43,c_grandhomme
CA Ingram,205,183,15,112.0,13.67,c_ingram
CA Lynn,1329,974,42,136.4,31.64,c_lynn
CA Pujara,390,403,22,96.8,17.73,c_pujara
CH Gayle,4997,3516,141,142.1,35.44,c_gayle
CH Morris,618,413,49,149.6,12.61,c_morris
CJ Anderson,538,436,29,123.4,18.55,c_anderson
CJ Ferguson,98,119,8,82.4,12.25,c_ferguson
CJ Jordan,81,81,12,100.0,6.75,c_jordan
CJ McKay,8,15,1,53.3,8.0,c_mckay
CK Kapugedera,16,24,3,66.7,5.33,c_kapugedera
CK Langeveldt,8,9,2,88.9,4.0,c_langeveldt
CL White,971,774,45,125.5,21.58,c_white
CM Gautam,169,158,13,107.0,13.0,c_gautam
CR Brathwaite,181,120,14,150.8,12.93,c_brathwaite
CR Woakes,78,77,12,101.3,6.5,c_woakes
CRD Fernando,4,3,2,133.3,2.0,c_fernando
CV Varun,25,49,10,51.0,2.5,c_varun
D Brevis,230,176,10,130.7,23.0,d_brevis
D Ferreira,8,11,2,72.7,4.0,d_ferreira
D Kalyankrishna,3,8,1,37.5,3.0,d_kalyankrishna
D Padikkal,1559,1323,64,117.8,24.36,d_padikkal
D Pretorius,44,28,5,157.1,8.8,d_pretorius
D Salunkhe,33,24,3,137.5,11.0,d_salunkhe
D Wiese,148,105,11,141.0,13.45,d_wiese
D du Preez,10,13,1,76.9,10.0,d_preez
DA Miller,2924,2171,123,134.7,23.77,d_miller
DA Warner,6567,4849,184,135.4,35.69,d_warner
DAJ Bracewell,12,9,1,133.3,12.0,d_bracewell
DB Das,304,267,22,113.9,13.82,d_das
DB Ravi Teja,375,325,25,115.4,15.0,d_teja
DE Bollinger,21,23,4,91.3,5.25,d_bollinger
DG Nalkande,12,12,2,100.0,6.0,d_nalkande
DH Yagnik,170,142,17,119.7,10.0,d_yagnik
DJ Bravo,1560,1247,110,125.1,14.18,d_bravo
DJ Harris,111,103,4,107.8,27.75,d_harris
DJ Hooda,1466,1170,96,125.3,15.27,d_hooda
DJ Hussey,1322,1101,61,120.1,21.67,d_hussey
DJ Jacobs,92,101,7,91.1,13.14,d_jacobs
DJ Malan,26,26,1,100.0,26.0,d_malan
DJ Mitchell,351,274,15,128.1,23.4,d_mitchell
DJ Muthuswami,1,3,1,33.3,1.0,d_muthuswami
DJ Thornely,39,54,4,72.2,9.75,d_thornely
DJ Willey,53,64,5,82.8,10.6,d_willey
DJG Sammy,295,251,20,117.5,14.75,d_sammy
DJM Short,115,102,7,112.7,16.43,d_short
DL Chahar,80,61,12,131.1,6.67,d_chahar
DL Vettori,121,118,16,102.5,7.56,d_vettori
DM Bravo,6,5,1,120.0,6.0,d_bravo
DNT Zoysa,11,9,2,122.2,5.5,d_zoysa
DP Conway,924,669,22,138.1,42.0,d_conway
DP Nannes,4,13,2,30.8,2.0,d_nannes
DP Vijaykumar,1,1,1,100.0,1.0,d_vijaykumar
DPMD Jayawardene,1808,1522,78,118.8,23.18,d_jayawardene
DR Martyn,19,26,1,73.1,19.0,d_martyn
DR Sams,44,48,13,91.7,3.38,d_sams
DR Shorey,13,20,2,65.0,6.5,d_shorey
DR Smith,2385,1803,88,132.3,27.1,d_smith
DS Kulkarni,104,113,20,92.0,5.2,d_kulkarni
DS Lehmann,18,19,2,94.7,9.0,d_lehmann
DT Christian,460,408,41,112.7,11.22,d_christian
DT Patil,13,13,2,100.0,6.5,d_patil
DW Steyn,167,163,33,102.5,5.06,d_steyn
Dhruv Jurel,347,237,22,146.4,15.77,d_jurel
E Lewis,654,499,26,131.1,25.15,e_lewis
EJG Morgan,1406,1181,74,119.1,19.0,e_morgan
ER Dwivedi,24,15,2,160.0,12.0,e_dwivedi
F Behardien,14,13,3,107.7,4.67,f_behardien
F du Plessis,4571,3435,138,133.1,33.12,f_plessis
FA Allen,14,19,3,73.7,4.67,f_allen
FH Edwards,4,5,2,80.0,2.0,f_edwards
FY Fazal,183,179,11,102.2,16.64,f_fazal
Fazalhaq Farooqi,3,13,2,23.1,1.5,f_farooqi
G Coetzee,14,22,5,63.6,2.8,g_coetzee
G Gambhir,4217,3524,151,119.7,27.93,g_gambhir
GB Hogg,22,22,4,100.0,5.5,g_hogg
GC Smith,739,691,29,106.9,25.48,g_smith
GC Viljoen,3,7,3,42.9,1.0,g_viljoen
GD McGrath,4,5,2,80.0,2.0,g_mcgrath
GD Phillips,65,55,8,118.2,8.12,g_phillips
GH Vihari,284,331,23,85.8,12.35,g_vihari
GHS Garton,2,4,2,50.0,1.0,g_garton
GJ Bailey,663,552,36,120.1,18.42,g_bailey
GJ Maxwell,2772,1842,128,150.5,21.66,g_maxwell
GR Napier,15,16,1,93.8,15.0,g_napier
Gulbadin Naib,19,15,1,126.7,19.0,g_naib
Gurkeerat Singh,511,436,32,117.2,15.97,g_singh
H Das,2,5,1,40.0,2.0,h_das
H Klaasen,993,613,32,162.0,31.03,h_klaasen
HC Brook,190,159,11,119.5,17.27,h_brook
HE van der Dussen,22,25,3,88.0,7.33,h_dussen
HF Gurney,1,5,1,20.0,1.0,h_gurney
HH Gibbs,886,837,36,105.9,24.61,h_gibbs
HH Pandya,2534,1814,128,139.7,19.8,h_pandya
HM Amla,577,418,16,138.0,36.06,h_amla
HR Shokeen,66,67,5,98.5,13.2,h_shokeen
HV Patel,249,214,37,116.4,6.73,h_patel
Harbhajan Singh,833,636,88,131.0,9.47,h_singh
Harmeet Singh,18,12,4,150.0,4.5,h_singh
Harpreet Brar,233,201,24,115.9,9.71,h_brar
Harpreet Singh,123,119,8,103.4,15.38,h_singh
Harshit Rana,2,3,3,66.7,0.67,h_rana
I Malhotra,7,4,1,175.0,7.0,i_malhotra
I Sharma,57,71,21,80.3,2.71,i_sharma
I Udana,15,11,4,136.4,3.75,i_udana
IC Pandey,0,2,1,0.0,0.0,i_pandey
IK Pathan,1150,985,82,116.8,14.02,i_pathan
IR Jaggi,76,100,7,76.0,10.86,i_jaggi
IS Sodhi,7,18,2,38.9,3.5,i_sodhi
Imran Tahir,33,37,8,89.2,4.12,i_tahir
Iqbal Abdulla,88,86,13,102.3,6.77,i_abdulla
Ishan Kishan,2644,1991,99,132.8,26.71,i_kishan
J Arunkumar,23,24,3,95.8,7.67,j_arunkumar
J Botha,409,364,28,112.4,14.61,j_botha
J Fraser-McGurk,330,150,9,220.0,36.67,j_fraser-mcgurk
J Suchith,70,62,9,112.9,7.78,j_suchith
J Syed Mohammad,29,27,5,107.4,5.8,j_mohammad
J Theron,10,13,4,76.9,2.5,j_theron
J Yadav,40,38,4,105.3,10.0,j_yadav
JA Morkel,975,712,67,136.9,14.55,j_morkel
JA Richardson,17,27,3,63.0,5.67,j_richardson
JC Archer,199,132,23,150.8,8.65,j_archer
JC Buttler,3583,2519,106,142.2,33.8,j_buttler
JD Ryder,604,466,29,129.6,20.83,j_ryder
JD Unadkat,197,170,27,115.9,7.3,j_unadkat
JDP Oram,106,110,11,96.4,9.64,j_oram
JDS Neesham,92,93,10,98.9,9.2,j_neesham
JE Root,10,15,1,66.7,10.0,j_root
JE Taylor,3,4,2,75.0,1.5,j_taylor
JEC Franklin,327,309,16,105.8,20.44,j_franklin
JH Kallis,2427,2291,95,105.9,25.55,j_kallis
JJ Bumrah,68,80,26,85.0,2.62,j_bumrah
JJ Roy,614,460,21,133.5,29.24,j_roy
JJ van der Wath,18,17,3,105.9,6.0,j_wath
JL Denly,0,1,1,0.0,0.0,j_denly
JL Pattinson,15,13,2,115.4,7.5,j_pattinson
JM Bairstow,1589,1132,50,140.4,31.78,j_bairstow
JM Kemp,26,25,2,104.0,13.0,j_kemp
JM Sharma,730,501,36,145.7,20.28,j_sharma
JO Holder,259,217,27,119.4,9.59,j_holder
JP Behrendorff,6,9,2,66.7,3.0,j_behrendorff
JP Duminy,2029,1680,75,120.8,27.05,j_duminy
JP Faulkner,527,406,45,129.8,11.71,j_faulkner
JPR Scantlebury-Searles,8,6,2,133.3,4.0,j_scantlebury-searles
JR Hazlewood,19,29,6,65.5,3.17,j_hazlewood
JR Hopes,417,314,19,132.8,21.95,j_hopes
JR Philippe,78,80,5,97.5,15.6,j_philippe
Jaskaran Singh,8,11,4,72.7,2.0,j_singh
Joginder Sharma,36,30,5,120.0,7.2,j_sharma
K Goel,218,239,16,91.2,13.62,k_goel
K Gowtham,247,159,27,155.3,9.15,k_gowtham
K Kartikeya,9,13,2,69.2,4.5,k_kartikeya
K Rabada,206,207,28,99.5,7.36,k_rabada
K Upadhyay,12,9,2,133.3,6.0,k_upadhyay
K Yadav,0,4,1,0.0,0.0,k_yadav
KA Jamieson,65,55,7,118.2,9.29,k_jamieson
KA Maharaj,1,2,1,50.0,1.0,k_maharaj
KA Pollard,3437,2447,168,140.5,20.46,k_pollard
KAJ Roach,10,9,1,111.1,10.0,k_roach
KB Arun Karthik,51,53,8,96.2,6.38,k_karthik
KC Cariappa,24,21,5,114.3,4.8,k_cariappa
KC Sangakkara,1687,1424,68,118.5,24.81,k_sangakkara
KD Karthik,4843,3687,233,131.4,20.79,k_karthik
KH Pandya,1647,1287,107,128.0,15.39,k_pandya
KJ Abbott,13,8,3,162.5,4.33,k_abbott
KK Ahmed,1,7,5,14.3,0.2,k_ahmed
KK Cooper,116,70,12,165.7,9.67,k_cooper
KK Nair,1496,1192,68,125.5,22.0,k_nair
KL Nagarkoti,22,34,7,64.7,3.14,k_nagarkoti
KL Rahul,4689,3578,122,131.1,38.43,k_rahul
KM Asif,0,2,1,0.0,0.0,k_asif
KM Jadhav,1208,1012,81,119.4,14.91,k_jadhav
KMA Paul,18,26,5,69.2,3.6,k_paul
KMDN Kulasekara,5,3,1,166.7,5.0,k_kulasekara
KP Appanna,2,4,3,50.0,0.67,k_appanna
KP Pietersen,1001,758,36,132.1,27.81,k_pietersen
KR Mayers,379,276,13,137.3,29.15,k_mayers
KR Sen,0,3,1,0.0,0.0,k_sen
KS Bharat,199,168,8,118.5,24.88,k_bharat
KS Sharma,16,25,3,64.0,5.33,k_sharma
KS Williamson,2132,1734,76,123.0,28.05,k_williamson
KV Sharma,351,306,39,114.7,9.0,k_sharma
KW Richardson,36,39,4,92.3,9.0,k_richardson
Kamran Akmal,128,78,6,164.1,21.33,k_akmal
Kamran Khan,3,5,1,60.0,3.0,k_khan
Karanveer Singh,12,17,4,70.6,3.0,k_singh
Kartik Tyagi,13,16,6,81.2,2.17,k_tyagi
Kuldeep Yadav,183,224,32,81.7,5.72,k_yadav
Kumar Kushagra,3,7,3,42.9,1.0,k_kushagra
L Ablish,0,2,1,0.0,0.0,l_ablish
L Balaji,36,50,13,72.0,2.77,l_balaji
L Ronchi,34,37,5,91.9,6.8,l_ronchi
L Wood,9,3,1,300.0,9.0,l_wood
LA Carseldine,81,71,5,114.1,16.2,l_carseldine
LA Pomersbach,302,251,16,120.3,18.88,l_pomersbach
LB Williams,1,2,1,50.0,1.0,l_williams
LE Plunkett,1,3,2,33.3,0.5,l_plunkett
LH Ferguson,68,48,7,141.7,9.71,l_ferguson
LJ Wright,106,63,5,168.3,21.2,l_wright
LMP Simmons,1079,878,29,122.9,37.21,l_simmons
LPC Silva,40,27,3,148.1,13.33,l_silva
LR Shukla,405,358,33,113.1,12.27,l_shukla
LRPL Taylor,1017,847,54,120.1,18.83,l_taylor
LS Livingstone,939,609,39,154.2,24.08,l_livingstone
Lalit Yadav,305,301,21,101.3,14.52,l_yadav
Liton Das,4,4,1,100.0,4.0,l_das
M Ashwin,35,50,12,70.0,2.92,m_ashwin
M Jansen,66,71,12,93.0,5.5,m_jansen
M Kaif,259,258,22,100.4,11.77,m_kaif
M Kartik,113,109,14,103.7,8.07,m_kartik
M Klinger,73,78,4,93.6,18.25,m_klinger
M Manhas,514,486,38,105.8,13.53,m_manhas
M Markande,48,44,10,109.1,4.8,m_markande
M Morkel,126,93,20,135.5,6.3,m_morkel
M Muralitharan,20,30,9,66.7,2.22,m_muralitharan
M Ntini,11,19,2,57.9,5.5,m_ntini
M Prasidh Krishna,9,24,7,37.5,1.29,m_krishna
M Rawat,55,70,11,78.6,5.0,m_rawat
M Shahrukh Khan,553,413,37,133.9,14.95,m_khan
M Theekshana,7,7,2,100.0,3.5,m_theekshana
M Vijay,2619,2208,105,118.6,24.94,m_vijay
M Vohra,1083,863,51,125.5,21.24,m_vohra
M de Lange,1,2,1,50.0,1.0,m_lange
MA Agarwal,2669,2081,121,128.3,22.06,m_agarwal
MA Khote,24,22,3,109.1,8.0,m_khote
MA Starc,105,109,16,96.3,6.56,m_starc
MA Wood,12,10,3,120.0,4.0,m_wood
MC Henriques,1000,801,54,124.8,18.52,m_henriques
MC Juneja,125,134,7,93.3,17.86,m_juneja
MD Mishra,237,213,17,111.3,13.94,m_mishra
MD Shanaka,26,26,3,100.0,8.67,m_shanaka
MDKJ Perera,14,13,2,107.7,7.0,m_perera
MEK Hussey,1977,1648,58,120.0,34.09,m_hussey
MF Maharoof,177,124,14,142.7,12.64,m_maharoof
MG Bracewell,58,49,4,118.4,14.5,m_bracewell
MG Johnson,167,168,28,99.4,5.96,m_johnson
MJ Clarke,98,96,6,102.1,16.33,m_clarke
MJ Guptill,271,197,13,137.6,20.85,m_guptill
MJ Lumb,278,198,12,140.4,23.17,m_lumb
MJ McClenaghan,85,73,20,116.4,4.25,m_mcclenaghan
MJ Santner,70,77,11,90.9,6.36,m_santner
MJ Suthar,1,2,1,50.0,1.0,m_suthar
MK Lomror,527,389,35,135.5,15.06,m_lomror
MK Pandey,3859,3288,158,117.4,24.42,m_pandey
MK Tiwary,1695,1489,83,113.8,20.42,m_tiwary
ML Hayden,1107,839,32,131.9,34.59,m_hayden
MM Ali,1162,849,57,136.9,20.39,m_ali
MM Patel,39,41,12,95.1,3.25,m_patel
MM Sharma,124,137,28,90.5,4.43,m_sharma
MN Samuels,161,174,14,92.5,11.5,m_samuels
MN van Wyk,167,135,5,123.7,33.4,m_wyk
MP Stoinis,1866,1366,88,136.6,21.2,m_stoinis
MR Marsh,665,532,36,125.0,18.47,m_marsh
MS Bisla,798,737,39,108.3,20.46,m_bisla
MS Dhoni,5243,3947,228,132.8,23.0,m_dhoni
MS Gony,99,76,15,130.3,6.6,m_gony
MS Wade,183,185,14,98.9,13.07,m_wade
MV Boucher,394,318,23,123.9,17.13,m_boucher
MW Short,117,99,6,118.2,19.5,m_short
Mandeep Singh,1706,1418,97,120.3,17.59,m_singh
Mashrafe Mortaza,2,2,1,100.0,2.0,m_mortaza
Mayank Dagar,0,1,1,0.0,0.0,m_dagar
Misbah-ul-Haq,117,82,8,142.7,14.62,m_unknown
Mohammad Ashraful,2,12,1,16.7,2.0,m_ashraful
Mohammad Asif,3,6,2,50.0,1.5,m_asif
Mohammad Hafeez,64,84,8,76.2,8.0,m_hafeez
Mohammad Nabi,221,157,19,140.8,11.63,m_nabi
Mohammed Shami,74,82,23,90.2,3.22,m_shami
Mohammed Siraj,109,122,20,89.3,5.45,m_siraj
Mohit Rathee,1,2,1,50.0,1.0,m_rathee
Mohsin Khan,25,27,5,92.6,5.0,m_khan
Mujeeb Ur Rahman,12,15,6,80.0,2.0,m_rahman
Mukesh Choudhary,6,6,2,100.0,3.0,m_choudhary
Mukesh Kumar,10,20,5,50.0,2.0,m_kumar
Mustafizur Rahman,13,23,6,56.5,2.17,m_rahman
N Jagadeesan,162,155,10,104.5,16.2,n_jagadeesan
N Pooran,1769,1143,72,154.8,24.57,n_pooran
N Rana,2636,2015,101,130.8,26.1,n_rana
N Saini,140,143,10,97.9,14.0,n_saini
N Wadhera,350,261,16,134.1,21.88,n_wadhera
ND Doshi,0,13,1,0.0,0.0,n_doshi
NJ Maddinson,20,21,3,95.2,6.67,n_maddinson
NJ Rimmington,1,1,1,100.0,1.0,n_rimmington
NK Patel,121,124,6,97.6,20.17,n_patel
NL McCullum,26,23,2,113.0,13.0,n_mccullum
NLTC Perera,424,326,30,130.1,14.13,n_perera
NM Coulter-Nile,82,75,16,109.3,5.12,n_coulter-nile
NS Naik,31,53,4,58.5,7.75,n_naik
NT Ellis,19,26,5,73.1,3.8,n_ellis
NV Ojha,1554,1360,94,114.3,16.53,n_ojha
Naman Dhir,140,84,7,166.7,20.0,n_dhir
Navdeep Saini,33,38,7,86.8,4.71,n_saini
Naveen-ul-Haq,18,26,4,69.2,4.5,n_unknown
Nithish Kumar Reddy,303,221,11,137.1,27.55,n_reddy
Noor Ahmad,13,18,5,72.2,2.6,n_ahmad
OA Shah,506,405,22,124.9,23.0,o_shah
OC McCoy,8,5,1,160.0,8.0,o_mccoy
OF Smith,51,50,6,102.0,8.5,o_smith
P Awana,5,14,5,35.7,1.0,p_awana
P Chopra,8,6,1,133.3,8.0,p_chopra
P Dogra,127,141,12,90.1,10.58,p_dogra
P Dubey,23,33,2,69.7,11.5,p_dubey
P Kumar,340,323,57,105.3,5.96,p_kumar
P Negi,365,301,35,121.3,10.43,p_negi
P Parameswaran,1,3,2,33.3,0.5,p_parameswaran
P Ray Barman,19,25,1,76.0,19.0,p_barman
P Sahu,19,13,2,146.2,9.5,p_sahu
P Simran Singh,756,528,34,143.2,22.24,p_singh
PA Patel,2848,2442,136,116.6,20.94,p_patel
PA Reddy,164,167,10,98.2,16.4,p_reddy
PBB Rajapaksa,277,201,13,137.8,21.31,p_rajapaksa
PC Valthaty,505,432,23,116.9,21.96,p_valthaty
PD Collingwood,203,159,7,127.7,29.0,p_collingwood
PD Salt,653,385,21,169.6,31.1,p_salt
PJ Cummins,515,359,39,143.5,13.21,p_cummins
PJ Sangwan,26,47,14,55.3,1.86,p_sangwan
PK Garg,273,247,19,110.5,14.37,p_garg
PM Sarvesh Kumar,1,2,1,50.0,1.0,p_kumar
PN Mankad,97,75,5,129.3,19.4,p_mankad
PP Chawla,624,580,86,107.6,7.26,p_chawla
PP Ojha,16,45,19,35.6,0.84,p_ojha
PP Shaw,1892,1321,79,143.2,23.95,p_shaw
PR Shah,92,97,9,94.8,10.22,p_shah
PSP Handscomb,6,12,1,50.0,6.0,p_handscomb
PV Tambe,18,39,6,46.2,3.0,p_tambe
PVD Chameera,43,32,7,134.4,6.14,p_chameera
PWH de Silva,72,80,14,90.0,5.14,p_silva
Pankaj Singh,7,12,5,58.3,1.4,p_singh
Parvez Rasool,17,20,4,85.0,4.25,p_rasool
Q de Kock,3160,2410,107,131.1,29.53,q_kock
R Ashwin,800,698,89,114.6,8.99,r_ashwin
R Bhatia,342,290,47,117.9,7.28,r_bhatia
R Bishnoi,19,17,3,111.8,6.33,r_bishnoi
R Dhawan,210,188,22,111.7,9.55,r_dhawan
R Dravid,2174,1918,82,113.3,26.51,r_dravid
R McLaren,159,178,13,89.3,12.23,r_mclaren
R Ninan,3,6,1,50.0,3.0,r_ninan
R Parag,1173,909,58,129.0,20.22,r_parag
R Powell,360,254,22,141.7,16.36,r_powell
R Rampaul,51,52,7,98.1,7.29,r_rampaul
R Ravindra,222,146,10,152.1,22.2,r_ravindra
R Sai Kishore,13,6,1,216.7,13.0,r_kishore
R Sanjay Yadav,0,2,1,0.0,0.0,r_yadav
R Sathish,270,236,24,114.4,11.25,r_sathish
R Sharma,66,77,19,85.7,3.47,r_sharma
R Shepherd,115,68,9,169.1,12.78,r_shepherd
R Shukla,19,23,4,82.6,4.75,r_shukla
R Tewatia,1013,788,65,128.6,15.58,r_tewatia
R Vinay Kumar,310,289,42,107.3,7.38,r_kumar
RA Bawa,11,14,2,78.6,5.5,r_bawa
RA Jadeja,2959,2378,180,124.4,16.44,r_jadeja
RA Tripathi,2236,1650,93,135.5,24.04,r_tripathi
RD Chahar,129,127,22,101.6,5.86,r_chahar
RD Gaikwad,2380,1781,65,133.6,36.62,r_gaikwad
RE Levi,83,74,6,112.2,13.83,r_levi
RE van der Merwe,159,144,15,110.4,10.6,r_merwe
RG More,2,2,1,100.0,2.0,r_more
RG Sharma,6630,5183,251,127.9,26.41,r_sharma
RJ Gleeson,2,2,1,100.0,2.0,r_gleeson
RJ Harris,117,112,21,104.5,5.57,r_harris
RJ Peterson,32,32,5,100.0,6.4,r_peterson
RJ Quiney,103,105,7,98.1,14.71,r_quiney
RJW Topley,3,6,1,50.0,3.0,r_topley
RK Bhui,10,27,4,37.0,2.5,r_bhui
RK Singh,893,654,40,136.5,22.32,r_singh
RM Patidar,799,534,24,149.6,33.29,r_patidar
RN ten Doeschate,326,238,21,137.0,15.52,r_doeschate
RP Meredith,0,3,2,0.0,0.0,r_meredith
RP Singh,52,78,28,66.7,1.86,r_singh
RR Bhatkal,0,2,1,0.0,0.0,r_bhatkal
RR Pant,3297,2296,110,143.6,29.97,r_pant
RR Powar,67,64,9,104.7,7.44,r_powar
RR Raje,20,18,5,111.1,4.0,r_raje
RR Rossouw,473,321,22,147.4,21.5,r_rossouw
RR Sarwan,73,78,4,93.6,18.25,r_sarwan
RS Bopara,531,468,22,113.5,24.14,r_bopara
RS Gavaskar,2,8,1,25.0,2.0,r_gavaskar
RS Sodhi,4,2,1,200.0,4.0,r_sodhi
RT Ponting,91,129,9,70.5,10.11,r_ponting
RV Gomez,50,53,9,94.3,5.56,r_gomez
RV Patel,80,76,7,105.3,11.43,r_patel
RV Uthappa,4954,3927,197,126.2,25.15,r_uthappa
Rahmanullah Gurbaz,289,228,13,126.8,22.23,r_gurbaz
Ramandeep Singh,170,106,13,160.4,13.08,r_singh
Rashid Khan,545,355,58,153.5,9.4,r_khan
Rasikh Salam,40,40,6,100.0,6.67,r_salam
Ravi Bishnoi,32,52,14,61.5,2.29,r_bishnoi
S Anirudha,136,121,12,112.4,11.33,s_anirudha
S Aravind,59,59,10,100.0,5.9,s_aravind
S Badree,13,25,5,52.0,2.6,s_badree
S Badrinath,1441,1245,65,115.7,22.17,s_badrinath
S Chanderpaul,25,33,3,75.8,8.33,s_chanderpaul
S Dhawan,6769,5483,221,123.5,30.63,s_dhawan
S Dube,1502,1077,61,139.5,24.62,s_dube
S Gopal,180,173,22,104.0,8.18,s_gopal
S Kaul,20,36,9,55.6,2.22,s_kaul
S Kaushik,0,1,1,0.0,0.0,s_kaushik
S Ladda,0,10,2,0.0,0.0,s_ladda
S Lamichhane,0,1,1,0.0,0.0,s_lamichhane
S Nadeem,39,88,20,44.3,1.95,s_nadeem
S Narwal,37,29,4,127.6,9.25,s_narwal
S Rana,91,82,8,111.0,11.38,s_rana
S Randiv,2,4,1,50.0,2.0,s_randiv
S Sohal,368,311,20,118.3,18.4,s_sohal
S Sreesanth,34,57,12,59.6,2.83,s_sreesanth
S Sriram,31,38,2,81.6,15.5,s_sriram
S Tyagi,3,4,1,75.0,3.0,s_tyagi
S Vidyut,145,115,8,126.1,18.12,s_vidyut
SA Abbott,22,18,3,122.2,7.33,s_abbott
SA Asnodkar,423,352,19,120.2,22.26,s_asnodkar
SA Yadav,3594,2522,135,142.5,26.62,s_yadav
SB Bangar,49,58,7,84.5,7.0,s_bangar
SB Dubey,33,21,3,157.1,11.0,s_dubey
SB Jakati,28,30,5,93.3,5.6,s_jakati
SB Joshi,6,16,2,37.5,3.0,s_joshi
SB Styris,131,134,10,97.8,13.1,s_styris
SB Wagh,2,3,2,66.7,1.0,s_wagh
SC Ganguly,1349,1326,56,101.7,24.09,s_ganguly
SD Chitnis,99,92,8,107.6,12.38,s_chitnis
SD Hope,183,125,9,146.4,20.33,s_hope
SD Lad,15,13,1,115.4,15.0,s_lad
SE Bond,1,2,1,50.0,1.0,s_bond
SE Marsh,2489,1913,69,130.1,36.07,s_marsh
SE Rutherford,106,107,9,99.1,11.78,s_rutherford
SH Johnson,6,7,3,85.7,2.0,s_johnson
SJ Srivastava,5,5,4,100.0,1.25,s_srivastava
SK Raina,5536,4177,200,132.5,27.68,s_raina
SK Trivedi,42,61,14,68.9,3.0,s_trivedi
SK Warne,198,219,27,90.4,7.33,s_warne
SL Malinga,88,103,20,85.4,4.4,s_malinga
SM Curran,883,673,48,131.2,18.4,s_curran
SM Harwood,9,14,2,64.3,4.5,s_harwood
SM Katich,241,191,11,126.2,21.91,s_katich
SM Pollock,147,116,8,126.7,18.38,s_pollock
SMSM Senanayake,10,17,4,58.8,2.5,s_senanayake
SN Khan,585,456,36,128.3,16.25,s_khan
SN Thakur,307,228,35,134.6,8.77,s_thakur
SO Hetmyer,1243,854,65,145.6,19.12,s_hetmyer
SP Fleming,196,171,10,114.6,19.6,s_fleming
SP Goswami,293,307,21,95.4,13.95,s_goswami
SP Jackson,61,57,8,107.0,7.62,s_jackson
SP Narine,1534,984,106,155.9,14.47,s_narine
SPD Smith,2495,1999,93,124.8,26.83,s_smith
SR Tendulkar,2334,2044,78,114.2,29.92,s_tendulkar
SR Watson,3880,2892,141,134.2,27.52,s_watson
SS Cottrell,0,2,1,0.0,0.0,s_cottrell
SS Iyer,3131,2545,114,123.0,27.46,s_iyer
SS Prabhudessai,126,113,10,111.5,12.6,s_prabhudessai
SS Shaikh,6,7,1,85.7,6.0,s_shaikh
SS Tiwary,1494,1291,73,115.7,20.47,s_tiwary
ST Jayasuriya,768,573,30,134.0,25.6,s_jayasuriya
STR Binny,880,700,66,125.7,13.33,s_binny
SV Samson,4419,3270,162,135.1,27.28,s_samson
SW Billings,503,399,27,126.1,18.63,s_billings
SW Tait,23,26,5,88.5,4.6,s_tait
SZ Mulani,1,1,1,100.0,1.0,s_mulani
Sachin Baby,144,123,11,117.1,13.09,s_baby
Salman Butt,193,172,7,112.2,27.57,s_butt
Sameer Rizvi,51,43,5,118.6,10.2,s_rizvi
Sandeep Sharma,54,73,25,74.0,2.16,s_sharma
Sanvir Singh,25,22,5,113.6,5.0,s_singh
Saurav Chauhan,18,16,3,112.5,6.0,s_chauhan
Shahbaz Ahmed,536,467,37,114.8,14.49,s_ahmed
Shahid Afridi,81,46,9,176.1,9.0,s_afridi
Shakib Al Hasan,795,665,52,119.5,15.29,s_hasan
Shashank Singh,423,272,19,155.5,22.26,s_singh
Shivam Mavi,51,58,11,87.9,4.64,s_mavi
Shivam Sharma,5,3,2,166.7,2.5,s_sharma
Shivam Singh,2,3,1,66.7,2.0,s_singh
Shoaib Ahmed,1,6,3,16.7,0.33,s_ahmed
Shoaib Akhtar,2,8,1,25.0,2.0,s_akhtar
Shoaib Malik,52,49,5,106.1,10.4,s_malik
Shubman Gill,3216,2432,99,132.2,32.48,s_gill
Sikandar Raza,182,143,9,127.3,20.22,s_raza
Simarjeet Singh,7,8,3,87.5,2.33,s_singh
Sohail Tanvir,36,31,5,116.1,7.2,s_tanvir
Sumit Kumar,18,26,3,69.2,6.0,s_kumar
Sunny Gupta,0,1,1,0.0,0.0,s_gupta
Sunny Singh,43,31,5,138.7,8.6,s_singh
Swapnil Singh,51,46,9,110.9,5.67,s_singh
T Banton,18,22,2,81.8,9.0,t_banton
T Henderson,11,16,2,68.8,5.5,t_henderson
T Kohler-Cadmore,48,54,3,88.9,16.0,t_kohler-cadmore
T Kohli,11,20,3,55.0,3.67,t_kohli
T Natarajan,3,5,2,60.0,1.5,t_natarajan
T Shamsi,2,4,1,50.0,2.0,t_shamsi
T Stubbs,405,239,17,169.5,23.82,t_stubbs
T Taibu,31,26,3,119.2,10.33,t_taibu
T Thushara,12,19,4,63.2,3.0,t_thushara
TA Boult,83,82,22,101.2,3.77,t_boult
TD Paine,10,29,2,34.5,5.0,t_paine
TG Southee,120,108,19,111.1,6.32,t_southee
TH David,659,417,35,158.0,18.83,t_david
TK Curran,127,108,10,117.6,12.7,t_curran
TL Seifert,26,26,3,100.0,8.67,t_seifert
TL Suman,676,587,39,115.2,17.33,t_suman
TM Dilshan,1153,1047,50,110.1,23.06,t_dilshan
TM Head,772,458,25,168.6,30.88,t_head
TM Srivastava,8,11,3,72.7,2.67,t_srivastava
TR Birt,75,59,5,127.1,15.0,t_birt
TS Mills,8,14,5,57.1,1.6,t_mills
TU Deshpande,21,15,4,140.0,5.25,t_deshpande
Tanush Kotian,24,32,1,75.0,24.0,t_kotian
Tilak Varma,1156,830,38,139.3,30.42,t_varma
U Kaul,0,1,1,0.0,0.0,u_kaul
UA Birla,7,15,1,46.7,7.0,u_birla
UBT Chand,300,314,20,95.5,15.0,u_chand
UT Khawaja,127,105,6,121.0,21.17,u_khawaja
UT Yadav,208,211,48,98.6,4.33,u_yadav
Umar Gul,39,19,4,205.3,9.75,u_gul
Umran Malik,23,16,5,143.8,4.6,u_malik
V Kohli,8014,6236,244,128.5,32.84,v_kohli
V Pratap Singh,0,1,1,0.0,0.0,v_singh
V Sehwag,2728,1833,104,148.8,26.23,v_sehwag
V Shankar,1115,890,58,125.3,19.22,v_shankar
V Viyaskanth,7,5,1,140.0,7.0,v_viyaskanth
VG Arora,9,17,7,52.9,1.29,v_arora
VH Zol,29,26,2,111.5,14.5,v_zol
VR Aaron,50,73,12,68.5,4.17,v_aaron
VR Iyer,1326,1000,49,132.6,27.06,v_iyer
VRV Singh,4,3,2,133.3,2.0,v_singh
VS Malik,7,7,2,100.0,3.5,v_malik
VS Yeligati,2,2,1,100.0,2.0,v_yeligati
VVS Laxman,282,271,20,104.1,14.1,v_laxman
VY Mahesh,15,28,5,53.6,3.0,v_mahesh
Vijaykumar Vyshak,14,13,4,107.7,3.5,v_vyshak
Virat Singh,15,26,2,57.7,7.5,v_singh
Vishnu Vinod,56,58,6,96.6,9.33,v_vinod
Vivrant Sharma,69,49,1,140.8,69.0,v_sharma
W Jaffer,130,129,8,100.8,16.25,w_jaffer
WA Mota,56,76,8,73.7,7.0,w_mota
WD Parnell,65,86,13,75.6,5.0,w_parnell
WG Jacks,230,133,8,172.9,28.75,w_jacks
WP Saha,2934,2368,143,123.9,20.52,w_saha
WPUJC Vaas,81,73,11,111.0,7.36,w_vaas
Washington Sundar,378,341,38,110.9,9.95,w_sundar
X Thalaivan Sargunam,10,17,1,58.8,10.0,x_sargunam
Y Gnaneswara Rao,19,18,1,105.6,19.0,y_rao
Y Nagar,285,271,20,105.2,14.25,y_nagar
Y Prithvi Raj,0,1,1,0.0,0.0,y_raj
Y Venugopal Rao,985,865,52,113.9,18.94,y_rao
YA Abdulla,0,1,1,0.0,0.0,y_abdulla
YBK Jaiswal,1607,1095,52,146.8,30.9,y_jaiswal
YK Pathan,3222,2334,153,138.0,21.06,y_pathan
YS Chahal,37,89,17,41.6,2.18,y_chahal
YV Dhull,16,23,3,69.6,5.33,y_dhull
YV Takawale,192,183,10,104.9,19.2,y_takawale
Yash Dayal,0,1,1,0.0,0.0,y_dayal
Yashpal Singh,47,67,4,70.1,11.75,y_singh
Younis Khan,3,7,1,42.9,3.0,y_khan
Yudhvir Singh,22,16,4,137.5,5.5,y_singh
Yuvraj Singh,2754,2207,126,124.8,21.86,y_singh
Z Khan,117,141,27,83.0,4.33,z_khan
