bowler,balls_bowled,runs_conceded,wickets,economy,wickets_per_match,match_key
A Ashish Reddy,270,400,19,8.89,8.44,a_reddy
A Badoni,25,37,2,8.88,9.6,a_badoni
A Chandila,234,245,11,6.28,5.64,a_chandila
A Choudhary,108,144,5,8.0,5.56,a_choudhary
A Dananjaya,25,47,0,11.28,0.0,a_dananjaya
A Flintoff,66,106,2,9.64,3.64,a_flintoff
A Kamboj,68,115,2,10.15,3.53,a_kamboj
A Kumble,983,1089,49,6.65,5.98,a_kumble
A Mishra,3444,4193,183,7.3,6.38,a_mishra
A Mithun,312,477,8,9.17,3.08,a_mithun
A Nehra,1974,2537,121,7.71,7.36,a_nehra
A Nel,18,31,1,10.33,6.67,a_nel
A Nortje,1097,1614,62,8.83,6.78,a_nortje
A Singh,486,639,31,7.89,7.65,a_singh
A Symonds,540,694,23,7.71,5.11,a_symonds
A Uniyal,38,67,3,10.58,9.47,a_uniyal
A Zampa,425,562,30,7.93,8.47,a_zampa
AA Chavan,255,339,8,7.98,3.76,a_chavan
AA Jhunjhunwala,88,130,1,8.86,1.36,a_jhunjhunwala
AA Kazi,13,21,1,9.69,9.23,a_kazi
AA Noffke,25,41,1,9.84,4.8,a_noffke
AB Agarkar,820,1174,33,8.59,4.83,a_agarkar
AB Dinda,1589,2103,82,7.94,6.19,a_dinda
AB McDonald,188,263,14,8.39,8.94,a_mcdonald
AC Gilchrist,1,0,1,0.0,120.0,a_gilchrist
AC Thomas,327,416,16,7.63,5.87,a_thomas
AC Voges,56,76,1,8.14,2.14,a_voges
AD Mascarenhas,310,365,19,7.06,7.35,a_mascarenhas
AD Mathews,807,1095,28,8.14,4.16,a_mathews
AD Russell,1771,2691,125,9.12,8.47,a_russell
AF Milne,217,339,9,9.37,4.98,a_milne
AG Murtaza,269,322,12,7.18,5.35,a_murtaza
AJ Finch,44,67,1,9.14,2.73,a_finch
AJ Hosein,24,41,1,10.25,5.0,a_hosein
AJ Tye,714,1005,48,8.45,8.07,a_tye
AK Markram,123,173,2,8.44,1.95,a_markram
AL Menaria,113,144,3,7.65,3.19,a_menaria
AM Nayar,239,323,9,8.11,4.52,a_nayar
AM Rahane,6,5,1,5.0,20.0,a_rahane
AM Salvi,156,205,7,7.88,5.38,a_salvi
AN Ahmed,362,515,15,8.54,4.97,a_ahmed
AP Dole,73,114,5,9.37,8.22,a_dole
AR Patel,3152,3824,131,7.28,4.99,a_patel
AS Joseph,454,707,22,9.34,5.81,a_joseph
AS Rajpoot,567,844,24,8.93,5.08,a_rajpoot
AS Raut,30,45,0,9.0,0.0,a_raut
AS Roy,142,191,6,8.07,5.07,a_roy
AU Rashid,60,91,2,9.1,4.0,a_rashid
AUK Pathan,41,63,0,9.22,0.0,a_pathan
Abdul Samad,55,113,2,12.33,4.36,a_samad
Abdur Razzak,14,29,0,12.43,0.0,a_razzak
Abhishek Sharma,278,396,11,8.55,4.75,a_sharma
Akash Deep,175,324,8,11.11,5.49,a_deep
Akash Madhwal,279,431,22,9.27,9.46,a_madhwal
Akash Singh,141,227,5,9.66,4.26,a_singh
Aman Hakim Khan,6,13,0,13.0,0.0,a_khan
Anand Rajan,162,206,10,7.63,7.41,a_rajan
Ankit Sharma,375,453,12,7.25,3.84,a_sharma
Ankit Soni,112,145,4,7.77,4.29,a_soni
Anureet Singh,430,636,21,8.87,5.86,a_singh
Arjun Tendulkar,83,117,4,8.46,5.78,a_tendulkar
Arshad Khan,153,282,6,11.06,4.71,a_khan
Arshad Khan (2),13,25,0,11.54,0.0,a_(2)
Arshdeep Singh,1453,2097,84,8.66,6.94,a_singh
Atharva Taide,1,4,0,24.0,0.0,a_taide
Avesh Khan,1390,2010,81,8.68,6.99,a_khan
Azhar Mahmood,552,707,31,7.68,6.74,a_mahmood
Azmatullah Omarzai,131,194,4,8.89,3.66,a_omarzai
B Akhil,193,246,7,7.65,4.35,b_akhil
B Chipli,6,20,0,20.0,0.0,b_chipli
B Geeves,49,91,2,11.14,4.9,b_geeves
B Kumar,4060,5051,195,7.46,5.76,b_kumar
B Laughlin,179,284,10,9.52,6.7,b_laughlin
B Lee,916,1126,30,7.38,3.93,b_lee
B Stanlake,150,200,7,8.0,5.6,b_stanlake
BA Bhatt,303,408,13,8.08,5.15,b_bhatt
BA Stokes,723,1023,31,8.49,5.15,b_stokes
BAW Mendis,248,306,9,7.4,4.35,b_mendis
BB Sran,516,767,20,8.92,4.65,b_sran
BCJ Cutting,288,430,12,8.96,5.0,b_cutting
BE Hendricks,157,239,11,9.13,8.41,b_hendricks
BJ Hodge,238,310,18,7.82,9.08,b_hodge
BJ Rohrer,7,12,0,10.29,0.0,b_rohrer
BMAJ Mendis,30,36,1,7.2,4.0,b_mendis
BW Hilfenhaus,390,497,23,7.65,7.08,b_hilfenhaus
Basil Thampi,539,862,26,9.6,5.79,b_thampi
Bipul Sharma,436,581,22,8.0,6.06,b_sharma
C Ganapathy,6,13,0,13.0,0.0,c_ganapathy
C Green,462,675,20,8.77,5.19,c_green
C Munro,12,15,0,7.5,0.0,c_munro
C Nanda,50,58,2,6.96,4.8,c_nanda
C Sakariya,460,610,20,7.96,5.22,c_sakariya
C de Grandhomme,230,323,7,8.43,3.65,c_grandhomme
CH Gayle,584,755,19,7.76,3.9,c_gayle
CH Morris,1801,2377,107,7.92,7.13,c_morris
CJ Anderson,315,525,14,10.0,5.33,c_anderson
CJ Dala,19,34,0,10.74,0.0,c_dala
CJ Green,17,24,0,8.47,0.0,c_green
CJ Jordan,717,1111,36,9.3,6.03,c_jordan
CJ McKay,42,60,1,8.57,2.86,c_mckay
CK Kapugedera,17,49,0,17.29,0.0,c_kapugedera
CK Langeveldt,165,199,13,7.24,9.45,c_langeveldt
CL White,46,86,1,11.22,2.61,c_white
CR Brathwaite,266,384,16,8.66,7.22,c_brathwaite
CR Woakes,463,674,31,8.73,8.03,c_woakes
CRD Fernando,249,306,19,7.37,9.16,c_fernando
CV Varun,1624,2042,85,7.54,6.28,c_varun
D Brevis,3,8,1,16.0,40.0,d_brevis
D Jansen,28,53,1,11.36,4.29,d_jansen
D Kalyankrishna,50,88,2,10.56,4.8,d_kalyankrishna
D Pretorius,166,242,7,8.75,5.06,d_pretorius
D Salunkhe,51,80,1,9.41,2.35,d_salunkhe
D Wiese,307,447,17,8.74,6.64,d_wiese
D du Preez,43,56,4,7.81,11.16,d_preez
DA Warner,2,2,0,6.0,0.0,d_warner
DAJ Bracewell,25,32,3,7.68,14.4,d_bracewell
DB Ravi Teja,18,28,1,9.33,6.67,d_teja
DE Bollinger,600,716,43,7.16,8.6,d_bollinger
DG Nalkande,89,150,6,10.11,8.09,d_nalkande
DJ Bravo,3296,4436,207,8.08,7.54,d_bravo
DJ Harris,18,26,0,8.67,0.0,d_harris
DJ Hooda,384,535,10,8.36,3.12,d_hooda
DJ Hussey,323,485,10,9.01,3.72,d_hussey
DJ Mitchell,51,97,1,11.41,2.35,d_mitchell
DJ Muthuswami,84,108,4,7.71,5.71,d_muthuswami
DJ Thornely,44,40,3,5.45,8.18,d_thornely
DJ Willey,221,277,7,7.52,3.8,d_willey
DJG Sammy,244,354,14,8.7,6.89,d_sammy
DJM Short,18,23,1,7.67,6.67,d_short
DL Chahar,1746,2243,79,7.71,5.43,d_chahar
DL Vettori,785,894,34,6.83,5.2,d_vettori
DNT Zoysa,69,100,2,8.7,3.48,d_zoysa
DP Nannes,689,815,38,7.1,6.62,d_nannes
DP Vijaykumar,159,205,4,7.74,3.02,d_vijaykumar
DR Sams,389,528,15,8.14,4.63,d_sams
DR Smith,557,825,27,8.89,5.82,d_smith
DS Kulkarni,1876,2513,91,8.04,5.82,d_kulkarni
DT Christian,922,1218,40,7.93,5.21,d_christian
DW Steyn,2282,2583,105,6.79,5.52,d_steyn
F du Plessis,6,16,0,16.0,0.0,f_plessis
FA Allen,91,136,2,8.97,2.64,f_allen
FH Edwards,150,160,6,6.4,4.8,f_edwards
FY Fazal,12,20,1,10.0,10.0,f_fazal
Fazalhaq Farooqi,162,229,6,8.48,4.44,f_farooqi
G Coetzee,216,357,13,9.92,7.22,g_coetzee
GB Hogg,466,585,25,7.53,6.44,g_hogg
GC Viljoen,146,229,8,9.41,6.58,g_viljoen
GD McGrath,329,366,14,6.67,5.11,g_mcgrath
GD Phillips,31,40,2,7.74,7.74,g_phillips
GH Vihari,43,48,1,6.7,2.79,g_vihari
GHS Garton,97,136,3,8.41,3.71,g_garton
GJ Maxwell,965,1311,41,8.15,5.1,g_maxwell
GR Napier,24,28,1,7.0,5.0,g_napier
GS Sandhu,48,86,1,10.75,2.5,g_sandhu
Gagandeep Singh,84,142,3,10.14,4.29,g_singh
Gulbadin Naib,6,12,0,12.0,0.0,g_naib
Gurkeerat Singh,82,97,5,7.1,7.32,g_singh
Gurnoor Brar,21,42,0,12.0,0.0,g_brar
H Sharma,30,62,0,12.4,0.0,h_sharma
HF Gurney,169,239,7,8.49,4.97,h_gurney
HH Pandya,1485,2196,70,8.87,5.66,h_pandya
HR Shokeen,213,320,5,9.01,2.82,h_shokeen
HV Patel,2284,3215,151,8.45,7.93,h_patel
Harbhajan Singh,3496,4101,161,7.04,5.53,h_singh
Harmeet Singh,574,747,31,7.81,6.48,h_singh
Harpreet Brar,692,907,25,7.86,4.34,h_brar
Harshit Rana,403,590,27,8.78,8.04,h_rana
I Malhotra,6,23,0,23.0,0.0,i_malhotra
I Sharma,2429,3255,96,8.04,4.74,i_sharma
I Udana,182,286,8,9.43,5.27,i_udana
IC Pandey,469,609,19,7.79,4.86,i_pandey
IC Porel,26,42,1,9.69,4.62,i_porel
IK Pathan,2113,2711,99,7.7,5.62,i_pathan
IS Sodhi,182,204,9,6.73,5.93,i_sodhi
Imran Tahir,1340,1729,86,7.74,7.7,i_tahir
Iqbal Abdulla,943,1125,45,7.16,5.73,i_abdulla
J Botha,709,818,27,6.92,4.57,j_botha
J Little,236,341,13,8.67,6.61,j_little
J Suchith,434,604,20,8.35,5.53,j_suchith
J Syed Mohammad,196,286,10,8.76,6.12,j_mohammad
J Theron,235,311,13,7.94,6.64,j_theron
J Yadav,398,447,9,6.74,2.71,j_yadav
JA Morkel,1807,2409,96,8.0,6.38,j_morkel
JA Richardson,94,162,3,10.34,3.83,j_richardson
JC Archer,987,1210,49,7.36,5.96,j_archer
JD Ryder,241,314,11,7.82,5.48,j_ryder
JD Unadkat,2194,3219,109,8.8,5.96,j_unadkat
JDP Oram,244,362,13,8.9,6.39,j_oram
JDS Neesham,222,342,8,9.24,4.32,j_neesham
JE Root,12,15,0,7.5,0.0,j_root
JE Taylor,122,167,6,8.21,5.9,j_taylor
JEC Franklin,155,225,9,8.71,6.97,j_franklin
JH Kallis,1799,2348,74,7.83,4.94,j_kallis
JJ Bumrah,3185,3840,182,7.23,6.86,j_bumrah
JJ van der Wath,76,134,3,10.58,4.74,j_wath
JL Pattinson,222,321,11,8.68,5.95,j_pattinson
JM Kemp,47,58,3,7.4,7.66,j_kemp
JO Holder,1049,1489,59,8.52,6.75,j_holder
JP Behrendorff,379,563,22,8.91,6.97,j_behrendorff
JP Duminy,701,847,23,7.25,3.94,j_duminy
JP Faulkner,1287,1849,76,8.62,7.09,j_faulkner
JPR Scantlebury-Searles,45,89,2,11.87,5.33,j_scantlebury-searles
JR Hazlewood,622,830,36,8.01,6.95,j_hazlewood
JR Hopes,369,562,14,9.14,4.55,j_hopes
JW Hastings,61,66,3,6.49,5.9,j_hastings
Jalaj S Saxena,18,27,0,9.0,0.0,j_saxena
Jaskaran Singh,111,174,6,9.41,6.49,j_singh
Joginder Sharma,272,421,13,9.29,5.74,j_sharma
K Goel,67,94,0,8.42,0.0,k_goel
K Gowtham,599,825,22,8.26,4.41,k_gowtham
K Kartikeya,241,334,10,8.32,4.98,k_kartikeya
K Khejroliya,129,221,5,10.28,4.65,k_khejroliya
K Rabada,1907,2652,126,8.34,7.93,k_rabada
K Santokie,51,91,3,10.71,7.06,k_santokie
K Upadhyay,56,81,0,8.68,0.0,k_upadhyay
K Yadav,54,85,2,9.44,4.44,k_yadav
KA Jamieson,179,271,9,9.08,6.03,k_jamieson
KA Maharaj,36,39,2,6.5,6.67,k_maharaj
KA Pollard,1586,2200,81,8.32,6.13,k_pollard
KAJ Roach,52,80,0,9.23,0.0,k_roach
KC Cariappa,224,349,8,9.35,4.29,k_cariappa
KH Pandya,2183,2644,80,7.27,4.4,k_pandya
KJ Abbott,102,182,2,10.71,2.35,k_abbott
KK Ahmed,1345,1918,78,8.56,6.96,k_ahmed
KK Cooper,600,789,36,7.89,7.2,k_cooper
KL Nagarkoti,185,287,5,9.31,3.24,k_nagarkoti
KM Asif,143,232,7,9.73,5.87,k_asif
KMA Paul,180,239,10,7.97,6.67,k_paul
KMDN Kulasekara,107,122,6,6.84,6.73,k_kulasekara
KP Appanna,222,291,11,7.86,5.95,k_appanna
KP Pietersen,180,218,9,7.27,6.0,k_pietersen
KR Mayers,46,59,0,7.7,0.0,k_mayers
KR Sen,255,396,14,9.32,6.59,k_sen
KS Williamson,18,31,0,10.33,0.0,k_williamson
KT Maphaka,39,90,1,13.85,3.08,k_maphaka
KV Sharma,1520,2130,82,8.41,6.47,k_sharma
KW Richardson,345,479,21,8.33,7.3,k_richardson
Kamran Khan,177,248,14,8.41,9.49,k_khan
Karanveer Singh,213,323,14,9.1,7.89,k_singh
Kartik Tyagi,458,720,16,9.43,4.19,k_tyagi
Kuldeep Yadav,1786,2413,90,8.11,6.05,k_yadav
L Ablish,45,76,5,10.13,13.33,l_ablish
L Balaji,1574,2083,85,7.94,6.48,l_balaji
L Ngidi,342,460,28,8.07,9.82,l_ngidi
L Wood,38,94,1,14.84,3.16,l_wood
LA Carseldine,7,6,1,5.14,17.14,l_carseldine
LB Williams,42,74,1,10.57,2.86,l_williams
LE Plunkett,154,228,4,8.88,3.12,l_plunkett
LH Ferguson,1002,1451,57,8.69,6.83,l_ferguson
LI Meriwala,19,32,1,10.11,6.32,l_meriwala
LJ Wright,75,125,2,10.0,3.2,l_wright
LMP Simmons,18,34,1,11.33,6.67,l_simmons
LPC Silva,6,21,0,21.0,0.0,l_silva
LR Shukla,326,458,17,8.43,6.26,l_shukla
LRPL Taylor,13,24,0,11.08,0.0,l_taylor
LS Livingstone,267,395,11,8.88,4.94,l_livingstone
Lalit Yadav,294,430,11,8.78,4.49,l_yadav
M Ashwin,898,1182,35,7.9,4.68,m_ashwin
M Jansen,487,732,22,9.02,5.42,m_jansen
M Kartik,1182,1418,39,7.2,3.96,m_kartik
M Manhas,42,42,0,6.0,0.0,m_manhas
M Markande,737,1081,37,8.8,6.02,m_markande
M Morkel,1699,2136,88,7.54,6.22,m_morkel
M Muralitharan,1581,1765,67,6.7,5.09,m_muralitharan
M Ntini,213,257,8,7.24,4.51,m_ntini
M Pathirana,503,617,38,7.36,9.07,m_pathirana
M Prasidh Krishna,1231,1741,54,8.49,5.26,m_krishna
M Shahrukh Khan,12,16,0,8.0,0.0,m_khan
M Siddharth,58,72,1,7.45,2.07,m_siddharth
M Theekshana,631,814,25,7.74,4.75,m_theekshana
M Vijay,37,49,0,7.95,0.0,m_vijay
M de Lange,116,171,6,8.84,6.21,m_lange
MA Khote,30,52,2,10.4,8.0,m_khote
MA Starc,879,1175,59,8.02,8.05,m_starc
MA Wood,127,192,11,9.07,10.39,m_wood
MB Parmar,19,33,0,10.42,0.0,m_parmar
MC Henriques,979,1302,46,7.98,5.64,m_henriques
MF Maharoof,441,532,33,7.24,8.98,m_maharoof
MG Bracewell,66,95,6,8.64,10.91,m_bracewell
MG Johnson,1301,1740,66,8.02,6.09,m_johnson
MG Neser,25,62,0,14.88,0.0,m_neser
MJ Clarke,66,72,3,6.55,5.45,m_clarke
MJ Henry,105,183,3,10.46,3.43,m_henry
MJ McClenaghan,1346,1839,75,8.2,6.69,m_mcclenaghan
MJ Santner,370,428,16,6.94,5.19,m_santner
MJ Suthar,12,26,0,13.0,0.0,m_suthar
MK Lomror,94,127,2,8.11,2.55,m_lomror
MK Tiwary,45,83,1,11.07,2.67,m_tiwary
MM Ali,770,900,40,7.01,6.23,m_ali
MM Patel,1382,1733,82,7.52,7.12,m_patel
MM Sharma,2308,3278,147,8.52,7.64,m_sharma
MN Samuels,219,285,10,7.81,5.48,m_samuels
MP Stoinis,831,1300,45,9.39,6.5,m_stoinis
MP Yadav,76,88,8,6.95,12.63,m_yadav
MR Marsh,593,803,37,8.12,7.49,m_marsh
MS Gony,925,1317,39,8.54,5.06,m_gony
MW Short,25,25,0,6.0,0.0,m_short
Mandeep Singh,12,26,0,13.0,0.0,m_singh
Mashrafe Mortaza,28,59,1,12.64,4.29,m_mortaza
Mayank Dagar,138,205,2,8.91,1.74,m_dagar
Mohammad Asif,199,307,9,9.26,5.43,m_asif
Mohammad Hafeez,63,71,2,6.76,3.81,m_hafeez
Mohammad Nabi,419,527,15,7.55,4.3,m_nabi
Mohammed Shami,2521,3486,144,8.3,6.85,m_shami
Mohammed Siraj,2081,2894,96,8.34,5.54,m_siraj
Mohit Rathee,12,29,0,14.5,0.0,m_rathee
Mohsin Khan,507,698,27,8.26,6.39,m_khan
Monu Kumar,16,20,0,7.5,0.0,m_kumar
Mujeeb Ur Rahman,452,598,20,7.94,5.31,m_rahman
Mukesh Choudhary,298,452,16,9.1,6.44,m_choudhary
Mukesh Kumar,420,707,31,10.1,8.86,m_kumar
Mustafizur Rahman,1353,1792,70,7.95,6.21,m_rahman
N Burger,105,152,7,8.69,8.0,n_burger
N Rana,185,253,10,8.21,6.49,n_rana
N Thushara,172,259,8,9.03,5.58,n_thushara
N Wadhera,12,13,0,6.5,0.0,n_wadhera
NA Saini,15,35,0,14.0,0.0,n_saini
NB Singh,25,18,1,4.32,4.8,n_singh
ND Doshi,57,79,2,8.32,4.21,n_doshi
NJ Rimmington,18,20,0,6.67,0.0,n_rimmington
NL McCullum,30,35,0,7.0,0.0,n_mccullum
NLTC Perera,715,1031,37,8.65,6.21,n_perera
NM Coulter-Nile,892,1125,52,7.57,7.0,n_coulter-nile
NT Ellis,365,514,19,8.45,6.25,n_ellis
Naman Dhir,29,55,0,11.38,0.0,n_dhir
Navdeep Saini,682,968,26,8.52,4.57,n_saini
Naveen-ul-Haq,407,602,26,8.87,7.67,n_unknown
Nithish Kumar Reddy,118,208,4,10.58,4.07,n_reddy
Noor Ahmad,513,672,24,7.86,5.61,n_ahmad
O Thomas,63,85,5,8.1,9.52,o_thomas
OC McCoy,180,255,11,8.5,7.33,o_mccoy
OF Smith,95,179,7,11.31,8.84,o_smith
P Amarnath,132,241,7,10.95,6.36,p_amarnath
P Awana,774,1046,43,8.11,6.67,p_awana
P Dubey,67,91,1,8.15,1.79,p_dubey
P Kumar,2637,3342,102,7.6,4.64,p_kumar
P Negi,733,954,38,7.81,6.22,p_negi
P Parameswaran,159,226,9,8.53,6.79,p_parameswaran
P Prasanth,6,18,0,18.0,0.0,p_prasanth
P Ray Barman,24,56,0,14.0,0.0,p_barman
P Sahu,107,152,3,8.52,3.36,p_sahu
P Suyal,107,154,2,8.64,2.24,p_suyal
PC Valthaty,153,207,7,8.12,5.49,p_valthaty
PD Collingwood,90,101,5,6.73,6.67,p_collingwood
PH Solanki,36,39,2,6.5,6.67,p_solanki
PJ Cummins,1370,1976,66,8.65,5.78,p_cummins
PJ Sangwan,905,1267,44,8.4,5.83,p_sangwan
PM Sarvesh Kumar,31,42,1,8.13,3.87,p_kumar
PP Chawla,3895,5179,201,7.98,6.19,p_chawla
PP Ojha,1945,2399,99,7.4,6.11,p_ojha
PV Tambe,674,866,28,7.71,4.99,p_tambe
PVD Chameera,297,442,11,8.93,4.44,p_chameera
PWH de Silva,557,758,36,8.17,7.76,p_silva
Pankaj Singh,311,472,11,9.11,4.24,p_singh
Parvez Rasool,200,273,4,8.19,2.4,p_rasool
R Ashwin,4679,5435,198,6.97,5.08,r_ashwin
R Bhatia,1661,2059,82,7.44,5.92,r_bhatia
R Dhawan,693,922,27,7.98,4.68,r_dhawan
R Goyal,24,34,0,8.5,0.0,r_goyal
R McLaren,372,558,14,9.0,4.52,r_mclaren
R Ninan,36,65,3,10.83,10.0,r_ninan
R Parag,181,307,5,10.18,3.31,r_parag
R Powell,21,35,1,10.0,5.71,r_powell
R Rampaul,278,319,17,6.88,7.34,r_rampaul
R Ravindra,12,7,0,3.5,0.0,r_ravindra
R Sai Kishore,191,259,13,8.14,8.17,r_kishore
R Sanjay Yadav,14,23,0,9.86,0.0,r_yadav
R Sathish,144,233,6,9.71,5.0,r_sathish
R Sharma,935,1100,42,7.06,5.39,r_sharma
R Shepherd,133,260,6,11.73,5.41,r_shepherd
R Shukla,130,217,7,10.02,6.46,r_shukla
R Tewatia,866,1117,36,7.74,4.99,r_tewatia
R Vinay Kumar,2186,3041,127,8.35,6.97,r_kumar
RA Jadeja,3895,4917,169,7.57,5.21,r_jadeja
RA Shaikh,6,11,0,11.0,0.0,r_shaikh
RA Tripathi,6,12,0,12.0,0.0,r_tripathi
RD Chahar,1697,2165,76,7.65,5.37,r_chahar
RE van der Merwe,455,515,25,6.79,6.59,r_merwe
RG More,37,63,1,10.22,3.24,r_more
RG Sharma,349,462,16,7.94,5.5,r_sharma
RJ Gleeson,51,72,1,8.47,2.35,r_gleeson
RJ Harris,865,1085,47,7.53,6.52,r_harris
RJ Peterson,48,70,3,8.75,7.5,r_peterson
RJW Topley,107,182,5,10.21,5.61,r_topley
RN ten Doeschate,83,94,3,6.8,4.34,r_doeschate
RP Meredith,415,621,21,8.98,6.07,r_meredith
RP Singh,1874,2417,100,7.74,6.4,r_singh
RR Bhatkal,12,35,0,17.5,0.0,r_bhatkal
RR Bose,12,24,0,12.0,0.0,r_bose
RR Powar,443,538,15,7.29,4.06,r_powar
RR Raje,144,214,7,8.92,5.83,r_raje
RS Bopara,213,301,13,8.48,7.32,r_bopara
RS Gavaskar,6,8,0,8.0,0.0,r_gavaskar
RS Hangargekar,43,60,3,8.37,8.37,r_hangargekar
RV Gomez,97,130,6,8.04,7.42,r_gomez
RV Patel,20,22,0,6.6,0.0,r_patel
RW Price,18,33,0,11.0,0.0,r_price
Ramandeep Singh,45,64,6,8.53,16.0,r_singh
Rashid Khan,2901,3340,157,6.91,6.49,r_khan
Rasikh Salam,207,341,9,9.88,5.22,r_salam
Ravi Bishnoi,1460,1861,68,7.65,5.59,r_bishnoi
S Aravind,788,1057,48,8.05,7.31,s_aravind
S Badree,263,329,11,7.51,5.02,s_badree
S Dhawan,49,72,4,8.82,9.8,s_dhawan
S Dube,117,190,6,9.74,6.15,s_dube
S Gopal,1000,1358,53,8.15,6.36,s_gopal
S Joseph,30,51,0,10.2,0.0,s_joseph
S Kaul,1238,1772,63,8.59,6.11,s_kaul
S Kaushik,210,304,6,8.69,3.43,s_kaushik
S Ladda,141,225,5,9.57,4.26,s_ladda
S Lamichhane,211,297,14,8.45,7.96,s_lamichhane
S Midhun,13,29,0,13.38,0.0,s_midhun
S Nadeem,1444,1800,54,7.48,4.49,s_nadeem
S Narwal,113,203,6,10.78,6.37,s_narwal
S Rana,16,18,0,6.75,0.0,s_rana
S Randiv,180,223,8,7.43,5.33,s_randiv
S Sandeep Warrier,176,257,8,8.76,5.45,s_warrier
S Sreesanth,947,1221,43,7.74,5.45,s_sreesanth
S Sriram,18,49,0,16.33,0.0,s_sriram
S Tyagi,220,304,6,8.29,3.27,s_tyagi
S Vidyut,13,22,1,10.15,9.23,s_vidyut
SA Abbott,59,104,1,10.58,2.03,s_abbott
SA Yadav,6,8,0,8.0,0.0,s_yadav
SB Bangar,153,221,6,8.67,4.71,s_bangar
SB Jakati,1101,1474,50,8.03,5.45,s_jakati
SB Joshi,55,82,1,8.95,2.18,s_joshi
SB Styris,222,278,9,7.51,4.86,s_styris
SB Wagh,108,147,5,8.17,5.56,s_wagh
SC Ganguly,280,370,12,7.93,5.14,s_ganguly
SC Kuggeleijn,50,71,2,8.52,4.8,s_kuggeleijn
SD Chitnis,38,62,2,9.79,6.32,s_chitnis
SE Bond,191,225,9,7.07,5.65,s_bond
SE Rutherford,46,60,1,7.83,2.61,s_rutherford
SH Johnson,99,155,4,9.39,4.85,s_johnson
SJ Srivastava,306,444,15,8.71,5.88,s_srivastava
SK Raina,930,1139,30,7.35,3.87,s_raina
SK Trivedi,1557,1944,73,7.49,5.63,s_trivedi
SK Warne,1223,1465,60,7.19,5.89,s_warne
SL Malinga,2974,3486,188,7.03,7.59,s_malinga
SM Boland,43,56,3,7.81,8.37,s_boland
SM Curran,1234,1924,62,9.35,6.03,s_curran
SM Harwood,67,74,3,6.63,5.37,s_harwood
SM Pollock,280,307,13,6.58,5.57,s_pollock
SMSM Senanayake,195,211,9,6.49,5.54,s_senanayake
SN Khan,2,6,0,18.0,0.0,s_khan
SN Thakur,1979,2908,100,8.82,6.06,s_thakur
SP Narine,4146,4672,200,6.76,5.79,s_narine
SPD Smith,2,5,0,15.0,0.0,s_smith
SR Tendulkar,37,59,0,9.57,0.0,s_tendulkar
SR Watson,2137,2742,107,7.7,6.01,s_watson
SS Agarwal,24,42,1,10.5,5.0,s_agarwal
SS Cottrell,131,177,6,8.11,5.5,s_cottrell
SS Iyer,6,7,0,7.0,0.0,s_iyer
SS Mundhe,7,6,1,5.14,17.14,s_mundhe
SS Sarkar,25,34,1,8.16,4.8,s_sarkar
SSB Magala,37,52,1,8.43,3.24,s_magala
ST Jayasuriya,301,396,16,7.89,6.38,s_jayasuriya
STR Binny,611,763,28,7.49,5.5,s_binny
SW Tait,534,668,26,7.51,5.84,s_tait
SZ Mulani,33,57,0,10.36,0.0,s_mulani
Sachin Baby,10,8,3,4.8,36.0,s_baby
Sandeep Sharma,2925,3758,153,7.71,6.28,s_sharma
Shahbaz Ahmed,549,850,21,9.29,4.59,s_ahmed
Shahid Afridi,185,237,9,7.69,5.84,s_afridi
Shakib Al Hasan,1515,1864,71,7.38,5.62,s_hasan
Shashank Singh,19,25,1,7.89,6.32,s_singh
Shivam Mavi,687,958,33,8.37,5.76,s_mavi
Shivam Sharma,114,165,4,8.68,4.21,s_sharma
Shoaib Ahmed,103,154,5,8.97,5.83,s_ahmed
Shoaib Akhtar,46,54,5,7.04,13.04,s_akhtar
Shoaib Malik,58,87,2,9.0,4.14,s_malik
Sikandar Raza,88,146,3,9.95,4.09,s_raza
Simarjeet Singh,193,265,10,8.24,6.22,s_singh
Sohail Tanvir,265,275,24,6.23,10.87,s_tanvir
Sumit Kumar,22,38,0,10.36,0.0,s_kumar
Sunny Gupta,19,47,0,14.84,0.0,s_gupta
Suyash Sharma,264,381,11,8.66,5.0,s_sharma
Swapnil Singh,165,241,7,8.76,5.09,s_singh
T Henderson,36,41,1,6.83,3.33,t_henderson
T Natarajan,1401,2001,76,8.57,6.51,t_natarajan
T Shamsi,120,185,3,9.25,3.0,t_shamsi
T Stubbs,25,29,4,6.96,19.2,t_stubbs
T Thushara,144,164,10,6.83,8.33,t_thushara
TA Boult,2428,3286,128,8.12,6.33,t_boult
TG Southee,1262,1774,57,8.43,5.42,t_southee
TK Curran,252,432,13,10.29,6.19,t_curran
TL Suman,152,198,7,7.82,5.53,t_suman
TM Dilshan,275,368,5,8.03,2.18,t_dilshan
TM Head,58,113,3,11.69,6.21,t_head
TP Sudhindra,74,137,1,11.11,1.62,t_sudhindra
TS Mills,218,349,11,9.61,6.06,t_mills
TU Deshpande,831,1275,46,9.21,6.64,t_deshpande
Tejas Baroka,21,33,0,9.43,0.0,t_baroka
Tilak Varma,23,28,0,7.3,0.0,t_varma
UT Yadav,3190,4442,163,8.35,6.13,u_yadav
Umar Gul,153,198,14,7.76,10.98,u_gul
Umran Malik,519,785,31,9.08,7.17,u_malik
V Kaverappa,24,36,2,9.0,10.0,v_kaverappa
V Kohli,264,371,5,8.43,2.27,v_kohli
V Pratap Singh,211,300,12,8.53,6.82,v_singh
V Sehwag,138,236,6,10.26,5.22,v_sehwag
V Shankar,258,344,12,8.0,5.58,v_shankar
V Viyaskanth,60,90,1,9.0,2.0,v_viyaskanth
VG Arora,418,598,20,8.58,5.74,v_arora
VR Aaron,1065,1527,46,8.6,5.18,v_aaron
VR Iyer,84,145,3,10.36,4.29,v_iyer
VRV Singh,371,549,16,8.88,5.18,v_singh
VS Malik,212,268,6,7.58,3.4,v_malik
VS Yeligati,32,61,0,11.44,0.0,v_yeligati
VY Mahesh,359,511,22,8.54,7.35,v_mahesh
Vijaykumar Vyshak,243,396,17,9.78,8.4,v_vyshak
Vivrant Sharma,21,37,0,10.57,0.0,v_sharma
WA Mota,75,98,4,7.84,6.4,w_mota
WD Parnell,758,968,40,7.66,6.33,w_parnell
WG Jacks,55,100,2,10.91,4.36,w_jacks
WPUJC Vaas,288,364,22,7.58,9.17,w_vaas
Washington Sundar,1064,1335,39,7.53,4.4,w_sundar
Y Gnaneswara Rao,6,7,0,7.0,0.0,y_rao
Y Nagar,72,125,4,10.42,6.67,y_nagar
Y Prithvi Raj,33,57,1,10.36,3.64,y_raj
Y Venugopal Rao,222,338,7,9.14,3.78,y_rao
YA Abdulla,222,311,15,8.41,8.11,y_abdulla
YBK Jaiswal,1,6,0,36.0,0.0,y_jaiswal
YK Pathan,1184,1443,46,7.31,4.66,y_pathan
YS Chahal,3628,4681,213,7.74,7.05,y_chahal
Yash Dayal,615,933,31,9.1,6.05,y_dayal
Yash Thakur,432,702,27,9.75,7.5,y_thakur
Yudhvir Singh,74,125,4,10.14,6.49,y_singh
Yuvraj Singh,882,1091,39,7.42,5.31,y_singh
Z Khan,2276,2860,119,7.54,6.27,z_khan
